fiscal_quarter,quarter_end_date,fiscal_year,business_unit,segment,metric,value,unit,reporting_basis,source_type,source_url
Q1 FY24,2024-01-31,FY24,Commercial PS,Personal Systems,net_revenue,6045,USD millions,FY26 realigned,reported,https://investor.hp.com/news-events/news/news-details/2026/HP-Inc--Reports-Fiscal-2026-First-Quarter-Results/default.aspx
Q1 FY24,2024-01-31,FY24,Commercial PS,Personal Systems,net_revenue,6045,USD millions,as previously reported,reported,https://investor.hp.com/news-events/news/news-details/2026/HP-Inc--Reports-Fiscal-2026-First-Quarter-Results/default.aspx
Q2 FY24,2024-04-30,FY24,Commercial PS,Personal Systems,net_revenue,6242,USD millions,FY26 realigned,reported,https://investor.hp.com/news-events/news/news-details/2026/HP-Inc--Reports-Fiscal-2026-First-Quarter-Results/default.aspx
Q2 FY24,2024-04-30,FY24,Commercial PS,Personal Systems,net_revenue,6242,USD millions,as previously reported,reported,https://investor.hp.com/news-events/news/news-details/2026/HP-Inc--Reports-Fiscal-2026-First-Quarter-Results/default.aspx
Q3 FY24,2024-07-31,FY24,Commercial PS,Personal Systems,net_revenue,6677,USD millions,FY26 realigned,reported,https://investor.hp.com/news-events/news/news-details/2026/HP-Inc--Reports-Fiscal-2026-First-Quarter-Results/default.aspx
Q3 FY24,2024-07-31,FY24,Commercial PS,Personal Systems,net_revenue,6677,USD millions,as previously reported,reported,https://investor.hp.com/news-events/news/news-details/2026/HP-Inc--Reports-Fiscal-2026-First-Quarter-Results/default.aspx
Q4 FY24,2024-10-31,FY24,Commercial PS,Personal Systems,net_revenue,6522,USD millions,FY26 realigned,reported,https://investor.hp.com/news-events/news/news-details/2026/HP-Inc--Reports-Fiscal-2026-First-Quarter-Results/default.aspx
Q4 FY24,2024-10-31,FY24,Commercial PS,Personal Systems,net_revenue,6522,USD millions,as previously reported,reported,https://investor.hp.com/news-events/news/news-details/2026/HP-Inc--Reports-Fiscal-2026-First-Quarter-Results/default.aspx
Q1 FY24,2024-01-31,FY24,Consumer PS,Personal Systems,net_revenue,2764,USD millions,FY26 realigned,reported,https://investor.hp.com/news-events/news/news-details/2026/HP-Inc--Reports-Fiscal-2026-First-Quarter-Results/default.aspx
Q1 FY24,2024-01-31,FY24,Consumer PS,Personal Systems,net_revenue,2764,USD millions,as previously reported,reported,https://investor.hp.com/news-events/news/news-details/2026/HP-Inc--Reports-Fiscal-2026-First-Quarter-Results/default.aspx
Q2 FY24,2024-04-30,FY24,Consumer PS,Personal Systems,net_revenue,2184,USD millions,FY26 realigned,reported,https://investor.hp.com/news-events/news/news-details/2026/HP-Inc--Reports-Fiscal-2026-First-Quarter-Results/default.aspx
Q2 FY24,2024-04-30,FY24,Consumer PS,Personal Systems,net_revenue,2184,USD millions,as previously reported,reported,https://investor.hp.com/news-events/news/news-details/2026/HP-Inc--Reports-Fiscal-2026-First-Quarter-Results/default.aspx
Q3 FY24,2024-07-31,FY24,Consumer PS,Personal Systems,net_revenue,2692,USD millions,FY26 realigned,reported,https://investor.hp.com/news-events/news/news-details/2026/HP-Inc--Reports-Fiscal-2026-First-Quarter-Results/default.aspx
Q3 FY24,2024-07-31,FY24,Consumer PS,Personal Systems,net_revenue,2692,USD millions,as previously reported,reported,https://investor.hp.com/news-events/news/news-details/2026/HP-Inc--Reports-Fiscal-2026-First-Quarter-Results/default.aspx
Q4 FY24,2024-10-31,FY24,Consumer PS,Personal Systems,net_revenue,3069,USD millions,FY26 realigned,reported,https://investor.hp.com/news-events/news/news-details/2026/HP-Inc--Reports-Fiscal-2026-First-Quarter-Results/default.aspx
Q4 FY24,2024-10-31,FY24,Consumer PS,Personal Systems,net_revenue,3069,USD millions,as previously reported,reported,https://investor.hp.com/news-events/news/news-details/2026/HP-Inc--Reports-Fiscal-2026-First-Quarter-Results/default.aspx
Q1 FY24,2024-01-31,FY24,Personal Systems,Personal Systems,net_revenue,8809,USD millions,FY26 realigned,reported,https://investor.hp.com/news-events/news/news-details/2026/HP-Inc--Reports-Fiscal-2026-First-Quarter-Results/default.aspx
Q1 FY24,2024-01-31,FY24,Personal Systems,Personal Systems,net_revenue,8809,USD millions,as previously reported,reported,https://investor.hp.com/news-events/news/news-details/2026/HP-Inc--Reports-Fiscal-2026-First-Quarter-Results/default.aspx
Q2 FY24,2024-04-30,FY24,Personal Systems,Personal Systems,net_revenue,8426,USD millions,FY26 realigned,reported,https://investor.hp.com/news-events/news/news-details/2026/HP-Inc--Reports-Fiscal-2026-First-Quarter-Results/default.aspx
Q2 FY24,2024-04-30,FY24,Personal Systems,Personal Systems,net_revenue,8426,USD millions,as previously reported,reported,https://investor.hp.com/news-events/news/news-details/2026/HP-Inc--Reports-Fiscal-2026-First-Quarter-Results/default.aspx
Q3 FY24,2024-07-31,FY24,Personal Systems,Personal Systems,net_revenue,9369,USD millions,FY26 realigned,reported,https://investor.hp.com/news-events/news/news-details/2026/HP-Inc--Reports-Fiscal-2026-First-Quarter-Results/default.aspx
Q3 FY24,2024-07-31,FY24,Personal Systems,Personal Systems,net_revenue,9369,USD millions,as previously reported,reported,https://investor.hp.com/news-events/news/news-details/2026/HP-Inc--Reports-Fiscal-2026-First-Quarter-Results/default.aspx
Q4 FY24,2024-10-31,FY24,Personal Systems,Personal Systems,net_revenue,9591,USD millions,FY26 realigned,reported,https://investor.hp.com/news-events/news/news-details/2026/HP-Inc--Reports-Fiscal-2026-First-Quarter-Results/default.aspx
Q4 FY24,2024-10-31,FY24,Personal Systems,Personal Systems,net_revenue,9591,USD millions,as previously reported,reported,https://investor.hp.com/news-events/news/news-details/2026/HP-Inc--Reports-Fiscal-2026-First-Quarter-Results/default.aspx
Q1 FY24,2024-01-31,FY24,Supplies,Printing,net_revenue,2863,USD millions,FY26 realigned,reported,https://investor.hp.com/news-events/news/news-details/2026/HP-Inc--Reports-Fiscal-2026-First-Quarter-Results/default.aspx
Q1 FY24,2024-01-31,FY24,Supplies,Printing,net_revenue,2863,USD millions,as previously reported,reported,https://investor.hp.com/news-events/news/news-details/2026/HP-Inc--Reports-Fiscal-2026-First-Quarter-Results/default.aspx
Q2 FY24,2024-04-30,FY24,Supplies,Printing,net_revenue,2864,USD millions,FY26 realigned,reported,https://investor.hp.com/news-events/news/news-details/2026/HP-Inc--Reports-Fiscal-2026-First-Quarter-Results/default.aspx
Q2 FY24,2024-04-30,FY24,Supplies,Printing,net_revenue,2864,USD millions,as previously reported,reported,https://investor.hp.com/news-events/news/news-details/2026/HP-Inc--Reports-Fiscal-2026-First-Quarter-Results/default.aspx
Q3 FY24,2024-07-31,FY24,Supplies,Printing,net_revenue,2704,USD millions,FY26 realigned,reported,https://investor.hp.com/news-events/news/news-details/2026/HP-Inc--Reports-Fiscal-2026-First-Quarter-Results/default.aspx
Q3 FY24,2024-07-31,FY24,Supplies,Printing,net_revenue,2703,USD millions,as previously reported,reported,https://investor.hp.com/news-events/news/news-details/2026/HP-Inc--Reports-Fiscal-2026-First-Quarter-Results/default.aspx
Q4 FY24,2024-10-31,FY24,Supplies,Printing,net_revenue,2867,USD millions,FY26 realigned,reported,https://investor.hp.com/news-events/news/news-details/2026/HP-Inc--Reports-Fiscal-2026-First-Quarter-Results/default.aspx
Q4 FY24,2024-10-31,FY24,Supplies,Printing,net_revenue,2865,USD millions,as previously reported,reported,https://investor.hp.com/news-events/news/news-details/2026/HP-Inc--Reports-Fiscal-2026-First-Quarter-Results/default.aspx
Q1 FY24,2024-01-31,FY24,Commercial Printing,Printing,net_revenue,1227,USD millions,FY26 realigned,reported,https://investor.hp.com/news-events/news/news-details/2026/HP-Inc--Reports-Fiscal-2026-First-Quarter-Results/default.aspx
Q1 FY24,2024-01-31,FY24,Commercial Printing,Printing,net_revenue,1227,USD millions,as previously reported,reported,https://investor.hp.com/news-events/news/news-details/2026/HP-Inc--Reports-Fiscal-2026-First-Quarter-Results/default.aspx
Q2 FY24,2024-04-30,FY24,Commercial Printing,Printing,net_revenue,1205,USD millions,FY26 realigned,reported,https://investor.hp.com/news-events/news/news-details/2026/HP-Inc--Reports-Fiscal-2026-First-Quarter-Results/default.aspx
Q2 FY24,2024-04-30,FY24,Commercial Printing,Printing,net_revenue,1205,USD millions,as previously reported,reported,https://investor.hp.com/news-events/news/news-details/2026/HP-Inc--Reports-Fiscal-2026-First-Quarter-Results/default.aspx
Q3 FY24,2024-07-31,FY24,Commercial Printing,Printing,net_revenue,1147,USD millions,FY26 realigned,reported,https://investor.hp.com/news-events/news/news-details/2026/HP-Inc--Reports-Fiscal-2026-First-Quarter-Results/default.aspx
Q3 FY24,2024-07-31,FY24,Commercial Printing,Printing,net_revenue,1147,USD millions,as previously reported,reported,https://investor.hp.com/news-events/news/news-details/2026/HP-Inc--Reports-Fiscal-2026-First-Quarter-Results/default.aspx
Q4 FY24,2024-10-31,FY24,Commercial Printing,Printing,net_revenue,1262,USD millions,FY26 realigned,reported,https://investor.hp.com/news-events/news/news-details/2026/HP-Inc--Reports-Fiscal-2026-First-Quarter-Results/default.aspx
Q4 FY24,2024-10-31,FY24,Commercial Printing,Printing,net_revenue,1262,USD millions,as previously reported,reported,https://investor.hp.com/news-events/news/news-details/2026/HP-Inc--Reports-Fiscal-2026-First-Quarter-Results/default.aspx
Q1 FY24,2024-01-31,FY24,Consumer Printing,Printing,net_revenue,285,USD millions,FY26 realigned,reported,https://investor.hp.com/news-events/news/news-details/2026/HP-Inc--Reports-Fiscal-2026-First-Quarter-Results/default.aspx
Q1 FY24,2024-01-31,FY24,Consumer Printing,Printing,net_revenue,285,USD millions,as previously reported,reported,https://investor.hp.com/news-events/news/news-details/2026/HP-Inc--Reports-Fiscal-2026-First-Quarter-Results/default.aspx
Q2 FY24,2024-04-30,FY24,Consumer Printing,Printing,net_revenue,300,USD millions,FY26 realigned,reported,https://investor.hp.com/news-events/news/news-details/2026/HP-Inc--Reports-Fiscal-2026-First-Quarter-Results/default.aspx
Q2 FY24,2024-04-30,FY24,Consumer Printing,Printing,net_revenue,299,USD millions,as previously reported,reported,https://investor.hp.com/news-events/news/news-details/2026/HP-Inc--Reports-Fiscal-2026-First-Quarter-Results/default.aspx
Q3 FY24,2024-07-31,FY24,Consumer Printing,Printing,net_revenue,299,USD millions,FY26 realigned,reported,https://investor.hp.com/news-events/news/news-details/2026/HP-Inc--Reports-Fiscal-2026-First-Quarter-Results/default.aspx
Q3 FY24,2024-07-31,FY24,Consumer Printing,Printing,net_revenue,293,USD millions,as previously reported,reported,https://investor.hp.com/news-events/news/news-details/2026/HP-Inc--Reports-Fiscal-2026-First-Quarter-Results/default.aspx
Q4 FY24,2024-10-31,FY24,Consumer Printing,Printing,net_revenue,333,USD millions,FY26 realigned,reported,https://investor.hp.com/news-events/news/news-details/2026/HP-Inc--Reports-Fiscal-2026-First-Quarter-Results/default.aspx
Q4 FY24,2024-10-31,FY24,Consumer Printing,Printing,net_revenue,325,USD millions,as previously reported,reported,https://investor.hp.com/news-events/news/news-details/2026/HP-Inc--Reports-Fiscal-2026-First-Quarter-Results/default.aspx
Q1 FY24,2024-01-31,FY24,Printing,Printing,net_revenue,4375,USD millions,FY26 realigned,reported,https://investor.hp.com/news-events/news/news-details/2026/HP-Inc--Reports-Fiscal-2026-First-Quarter-Results/default.aspx
Q1 FY24,2024-01-31,FY24,Printing,Printing,net_revenue,4375,USD millions,as previously reported,reported,https://investor.hp.com/news-events/news/news-details/2026/HP-Inc--Reports-Fiscal-2026-First-Quarter-Results/default.aspx
Q2 FY24,2024-04-30,FY24,Printing,Printing,net_revenue,4369,USD millions,FY26 realigned,reported,https://investor.hp.com/news-events/news/news-details/2026/HP-Inc--Reports-Fiscal-2026-First-Quarter-Results/default.aspx
Q2 FY24,2024-04-30,FY24,Printing,Printing,net_revenue,4368,USD millions,as previously reported,reported,https://investor.hp.com/news-events/news/news-details/2026/HP-Inc--Reports-Fiscal-2026-First-Quarter-Results/default.aspx
Q3 FY24,2024-07-31,FY24,Printing,Printing,net_revenue,4150,USD millions,FY26 realigned,reported,https://investor.hp.com/news-events/news/news-details/2026/HP-Inc--Reports-Fiscal-2026-First-Quarter-Results/default.aspx
Q3 FY24,2024-07-31,FY24,Printing,Printing,net_revenue,4143,USD millions,as previously reported,reported,https://investor.hp.com/news-events/news/news-details/2026/HP-Inc--Reports-Fiscal-2026-First-Quarter-Results/default.aspx
Q4 FY24,2024-10-31,FY24,Printing,Printing,net_revenue,4462,USD millions,FY26 realigned,reported,https://investor.hp.com/news-events/news/news-details/2026/HP-Inc--Reports-Fiscal-2026-First-Quarter-Results/default.aspx
Q4 FY24,2024-10-31,FY24,Printing,Printing,net_revenue,4452,USD millions,as previously reported,reported,https://investor.hp.com/news-events/news/news-details/2026/HP-Inc--Reports-Fiscal-2026-First-Quarter-Results/default.aspx
Q1 FY24,2024-01-31,FY24,Corporate Investments,Other,net_revenue,2,USD millions,FY26 realigned,reported,https://investor.hp.com/news-events/news/news-details/2026/HP-Inc--Reports-Fiscal-2026-First-Quarter-Results/default.aspx
Q1 FY24,2024-01-31,FY24,Corporate Investments,Other,net_revenue,2,USD millions,as previously reported,reported,https://investor.hp.com/news-events/news/news-details/2026/HP-Inc--Reports-Fiscal-2026-First-Quarter-Results/default.aspx
Q2 FY24,2024-04-30,FY24,Corporate Investments,Other,net_revenue,4,USD millions,FY26 realigned,reported,https://investor.hp.com/news-events/news/news-details/2026/HP-Inc--Reports-Fiscal-2026-First-Quarter-Results/default.aspx
Q2 FY24,2024-04-30,FY24,Corporate Investments,Other,net_revenue,5,USD millions,as previously reported,reported,https://investor.hp.com/news-events/news/news-details/2026/HP-Inc--Reports-Fiscal-2026-First-Quarter-Results/default.aspx
Q3 FY24,2024-07-31,FY24,Corporate Investments,Other,net_revenue,0,USD millions,FY26 realigned,reported,https://investor.hp.com/news-events/news/news-details/2026/HP-Inc--Reports-Fiscal-2026-First-Quarter-Results/default.aspx
Q3 FY24,2024-07-31,FY24,Corporate Investments,Other,net_revenue,7,USD millions,as previously reported,reported,https://investor.hp.com/news-events/news/news-details/2026/HP-Inc--Reports-Fiscal-2026-First-Quarter-Results/default.aspx
Q4 FY24,2024-10-31,FY24,Corporate Investments,Other,net_revenue,1,USD millions,FY26 realigned,reported,https://investor.hp.com/news-events/news/news-details/2026/HP-Inc--Reports-Fiscal-2026-First-Quarter-Results/default.aspx
Q4 FY24,2024-10-31,FY24,Corporate Investments,Other,net_revenue,11,USD millions,as previously reported,reported,https://investor.hp.com/news-events/news/news-details/2026/HP-Inc--Reports-Fiscal-2026-First-Quarter-Results/default.aspx
Q1 FY24,2024-01-31,FY24,Total segment,Other,net_revenue,13186,USD millions,FY26 realigned,reported,https://investor.hp.com/news-events/news/news-details/2026/HP-Inc--Reports-Fiscal-2026-First-Quarter-Results/default.aspx
Q1 FY24,2024-01-31,FY24,Total segment,Other,net_revenue,13186,USD millions,as previously reported,reported,https://investor.hp.com/news-events/news/news-details/2026/HP-Inc--Reports-Fiscal-2026-First-Quarter-Results/default.aspx
Q2 FY24,2024-04-30,FY24,Total segment,Other,net_revenue,12799,USD millions,FY26 realigned,reported,https://investor.hp.com/news-events/news/news-details/2026/HP-Inc--Reports-Fiscal-2026-First-Quarter-Results/default.aspx
Q2 FY24,2024-04-30,FY24,Total segment,Other,net_revenue,12799,USD millions,as previously reported,reported,https://investor.hp.com/news-events/news/news-details/2026/HP-Inc--Reports-Fiscal-2026-First-Quarter-Results/default.aspx
Q3 FY24,2024-07-31,FY24,Total segment,Other,net_revenue,13519,USD millions,FY26 realigned,reported,https://investor.hp.com/news-events/news/news-details/2026/HP-Inc--Reports-Fiscal-2026-First-Quarter-Results/default.aspx
Q3 FY24,2024-07-31,FY24,Total segment,Other,net_revenue,13519,USD millions,as previously reported,reported,https://investor.hp.com/news-events/news/news-details/2026/HP-Inc--Reports-Fiscal-2026-First-Quarter-Results/default.aspx
Q4 FY24,2024-10-31,FY24,Total segment,Other,net_revenue,14054,USD millions,FY26 realigned,reported,https://investor.hp.com/news-events/news/news-details/2026/HP-Inc--Reports-Fiscal-2026-First-Quarter-Results/default.aspx
Q4 FY24,2024-10-31,FY24,Total segment,Other,net_revenue,14054,USD millions,as previously reported,reported,https://investor.hp.com/news-events/news/news-details/2026/HP-Inc--Reports-Fiscal-2026-First-Quarter-Results/default.aspx
Q1 FY25,2025-01-31,FY25,Commercial PS,Personal Systems,net_revenue,6645,USD millions,FY26 realigned,reported,https://investor.hp.com/news-events/news/news-details/2026/HP-Inc--Reports-Fiscal-2026-First-Quarter-Results/default.aspx
Q1 FY25,2025-01-31,FY25,Commercial PS,Personal Systems,net_revenue,6645,USD millions,as previously reported,reported,https://investor.hp.com/news-events/news/news-details/2026/HP-Inc--Reports-Fiscal-2026-First-Quarter-Results/default.aspx
Q2 FY25,2025-04-30,FY25,Commercial PS,Personal Systems,net_revenue,6786,USD millions,FY26 realigned,reported,https://investor.hp.com/news-events/news/news-details/2026/HP-Inc--Reports-Fiscal-2026-First-Quarter-Results/default.aspx
Q2 FY25,2025-04-30,FY25,Commercial PS,Personal Systems,net_revenue,6786,USD millions,as previously reported,reported,https://investor.hp.com/news-events/news/news-details/2026/HP-Inc--Reports-Fiscal-2026-First-Quarter-Results/default.aspx
Q3 FY25,2025-07-31,FY25,Commercial PS,Personal Systems,net_revenue,7036,USD millions,FY26 realigned,reported,https://investor.hp.com/news-events/news/news-details/2026/HP-Inc--Reports-Fiscal-2026-First-Quarter-Results/default.aspx
Q3 FY25,2025-07-31,FY25,Commercial PS,Personal Systems,net_revenue,7036,USD millions,as previously reported,reported,https://investor.hp.com/news-events/news/news-details/2026/HP-Inc--Reports-Fiscal-2026-First-Quarter-Results/default.aspx
Q4 FY25,2025-10-31,FY25,Commercial PS,Personal Systems,net_revenue,6971,USD millions,FY26 realigned,reported,https://investor.hp.com/news-events/news/news-details/2026/HP-Inc--Reports-Fiscal-2026-First-Quarter-Results/default.aspx
Q4 FY25,2025-10-31,FY25,Commercial PS,Personal Systems,net_revenue,6971,USD millions,as previously reported,reported,https://investor.hp.com/news-events/news/news-details/2026/HP-Inc--Reports-Fiscal-2026-First-Quarter-Results/default.aspx
Q1 FY25,2025-01-31,FY25,Consumer PS,Personal Systems,net_revenue,2579,USD millions,FY26 realigned,reported,https://investor.hp.com/news-events/news/news-details/2026/HP-Inc--Reports-Fiscal-2026-First-Quarter-Results/default.aspx
Q1 FY25,2025-01-31,FY25,Consumer PS,Personal Systems,net_revenue,2579,USD millions,as previously reported,reported,https://investor.hp.com/news-events/news/news-details/2026/HP-Inc--Reports-Fiscal-2026-First-Quarter-Results/default.aspx
Q2 FY25,2025-04-30,FY25,Consumer PS,Personal Systems,net_revenue,2238,USD millions,FY26 realigned,reported,https://investor.hp.com/news-events/news/news-details/2026/HP-Inc--Reports-Fiscal-2026-First-Quarter-Results/default.aspx
Q2 FY25,2025-04-30,FY25,Consumer PS,Personal Systems,net_revenue,2238,USD millions,as previously reported,reported,https://investor.hp.com/news-events/news/news-details/2026/HP-Inc--Reports-Fiscal-2026-First-Quarter-Results/default.aspx
Q3 FY25,2025-07-31,FY25,Consumer PS,Personal Systems,net_revenue,2895,USD millions,FY26 realigned,reported,https://investor.hp.com/news-events/news/news-details/2026/HP-Inc--Reports-Fiscal-2026-First-Quarter-Results/default.aspx
Q3 FY25,2025-07-31,FY25,Consumer PS,Personal Systems,net_revenue,2895,USD millions,as previously reported,reported,https://investor.hp.com/news-events/news/news-details/2026/HP-Inc--Reports-Fiscal-2026-First-Quarter-Results/default.aspx
Q4 FY25,2025-10-31,FY25,Consumer PS,Personal Systems,net_revenue,3382,USD millions,FY26 realigned,reported,https://investor.hp.com/news-events/news/news-details/2026/HP-Inc--Reports-Fiscal-2026-First-Quarter-Results/default.aspx
Q4 FY25,2025-10-31,FY25,Consumer PS,Personal Systems,net_revenue,3382,USD millions,as previously reported,reported,https://investor.hp.com/news-events/news/news-details/2026/HP-Inc--Reports-Fiscal-2026-First-Quarter-Results/default.aspx
Q1 FY25,2025-01-31,FY25,Personal Systems,Personal Systems,net_revenue,9224,USD millions,FY26 realigned,reported,https://investor.hp.com/news-events/news/news-details/2026/HP-Inc--Reports-Fiscal-2026-First-Quarter-Results/default.aspx
Q1 FY25,2025-01-31,FY25,Personal Systems,Personal Systems,net_revenue,9224,USD millions,as previously reported,reported,https://investor.hp.com/news-events/news/news-details/2026/HP-Inc--Reports-Fiscal-2026-First-Quarter-Results/default.aspx
Q2 FY25,2025-04-30,FY25,Personal Systems,Personal Systems,net_revenue,9024,USD millions,FY26 realigned,reported,https://investor.hp.com/news-events/news/news-details/2026/HP-Inc--Reports-Fiscal-2026-First-Quarter-Results/default.aspx
Q2 FY25,2025-04-30,FY25,Personal Systems,Personal Systems,net_revenue,9024,USD millions,as previously reported,reported,https://investor.hp.com/news-events/news/news-details/2026/HP-Inc--Reports-Fiscal-2026-First-Quarter-Results/default.aspx
Q3 FY25,2025-07-31,FY25,Personal Systems,Personal Systems,net_revenue,9931,USD millions,FY26 realigned,reported,https://investor.hp.com/news-events/news/news-details/2026/HP-Inc--Reports-Fiscal-2026-First-Quarter-Results/default.aspx
Q3 FY25,2025-07-31,FY25,Personal Systems,Personal Systems,net_revenue,9931,USD millions,as previously reported,reported,https://investor.hp.com/news-events/news/news-details/2026/HP-Inc--Reports-Fiscal-2026-First-Quarter-Results/default.aspx
Q4 FY25,2025-10-31,FY25,Personal Systems,Personal Systems,net_revenue,10353,USD millions,FY26 realigned,reported,https://investor.hp.com/news-events/news/news-details/2026/HP-Inc--Reports-Fiscal-2026-First-Quarter-Results/default.aspx
Q4 FY25,2025-10-31,FY25,Personal Systems,Personal Systems,net_revenue,10353,USD millions,as previously reported,reported,https://investor.hp.com/news-events/news/news-details/2026/HP-Inc--Reports-Fiscal-2026-First-Quarter-Results/default.aspx
Q1 FY25,2025-01-31,FY25,Supplies,Printing,net_revenue,2829,USD millions,FY26 realigned,reported,https://investor.hp.com/news-events/news/news-details/2026/HP-Inc--Reports-Fiscal-2026-First-Quarter-Results/default.aspx
Q1 FY25,2025-01-31,FY25,Supplies,Printing,net_revenue,2826,USD millions,as previously reported,reported,https://investor.hp.com/news-events/news/news-details/2026/HP-Inc--Reports-Fiscal-2026-First-Quarter-Results/default.aspx
Q2 FY25,2025-04-30,FY25,Supplies,Printing,net_revenue,2728,USD millions,FY26 realigned,reported,https://investor.hp.com/news-events/news/news-details/2026/HP-Inc--Reports-Fiscal-2026-First-Quarter-Results/default.aspx
Q2 FY25,2025-04-30,FY25,Supplies,Printing,net_revenue,2725,USD millions,as previously reported,reported,https://investor.hp.com/news-events/news/news-details/2026/HP-Inc--Reports-Fiscal-2026-First-Quarter-Results/default.aspx
Q3 FY25,2025-07-31,FY25,Supplies,Printing,net_revenue,2609,USD millions,FY26 realigned,reported,https://investor.hp.com/news-events/news/news-details/2026/HP-Inc--Reports-Fiscal-2026-First-Quarter-Results/default.aspx
Q3 FY25,2025-07-31,FY25,Supplies,Printing,net_revenue,2604,USD millions,as previously reported,reported,https://investor.hp.com/news-events/news/news-details/2026/HP-Inc--Reports-Fiscal-2026-First-Quarter-Results/default.aspx
Q4 FY25,2025-10-31,FY25,Supplies,Printing,net_revenue,2767,USD millions,FY26 realigned,reported,https://investor.hp.com/news-events/news/news-details/2026/HP-Inc--Reports-Fiscal-2026-First-Quarter-Results/default.aspx
Q4 FY25,2025-10-31,FY25,Supplies,Printing,net_revenue,2761,USD millions,as previously reported,reported,https://investor.hp.com/news-events/news/news-details/2026/HP-Inc--Reports-Fiscal-2026-First-Quarter-Results/default.aspx
Q1 FY25,2025-01-31,FY25,Commercial Printing,Printing,net_revenue,1144,USD millions,FY26 realigned,reported,https://investor.hp.com/news-events/news/news-details/2026/HP-Inc--Reports-Fiscal-2026-First-Quarter-Results/default.aspx
Q1 FY25,2025-01-31,FY25,Commercial Printing,Printing,net_revenue,1144,USD millions,as previously reported,reported,https://investor.hp.com/news-events/news/news-details/2026/HP-Inc--Reports-Fiscal-2026-First-Quarter-Results/default.aspx
Q2 FY25,2025-04-30,FY25,Commercial Printing,Printing,net_revenue,1167,USD millions,FY26 realigned,reported,https://investor.hp.com/news-events/news/news-details/2026/HP-Inc--Reports-Fiscal-2026-First-Quarter-Results/default.aspx
Q2 FY25,2025-04-30,FY25,Commercial Printing,Printing,net_revenue,1167,USD millions,as previously reported,reported,https://investor.hp.com/news-events/news/news-details/2026/HP-Inc--Reports-Fiscal-2026-First-Quarter-Results/default.aspx
Q3 FY25,2025-07-31,FY25,Commercial Printing,Printing,net_revenue,1113,USD millions,FY26 realigned,reported,https://investor.hp.com/news-events/news/news-details/2026/HP-Inc--Reports-Fiscal-2026-First-Quarter-Results/default.aspx
Q3 FY25,2025-07-31,FY25,Commercial Printing,Printing,net_revenue,1113,USD millions,as previously reported,reported,https://investor.hp.com/news-events/news/news-details/2026/HP-Inc--Reports-Fiscal-2026-First-Quarter-Results/default.aspx
Q4 FY25,2025-10-31,FY25,Commercial Printing,Printing,net_revenue,1209,USD millions,FY26 realigned,reported,https://investor.hp.com/news-events/news/news-details/2026/HP-Inc--Reports-Fiscal-2026-First-Quarter-Results/default.aspx
Q4 FY25,2025-10-31,FY25,Commercial Printing,Printing,net_revenue,1209,USD millions,as previously reported,reported,https://investor.hp.com/news-events/news/news-details/2026/HP-Inc--Reports-Fiscal-2026-First-Quarter-Results/default.aspx
Q1 FY25,2025-01-31,FY25,Consumer Printing,Printing,net_revenue,307,USD millions,FY26 realigned,reported,https://investor.hp.com/news-events/news/news-details/2026/HP-Inc--Reports-Fiscal-2026-First-Quarter-Results/default.aspx
Q1 FY25,2025-01-31,FY25,Consumer Printing,Printing,net_revenue,299,USD millions,as previously reported,reported,https://investor.hp.com/news-events/news/news-details/2026/HP-Inc--Reports-Fiscal-2026-First-Quarter-Results/default.aspx
Q2 FY25,2025-04-30,FY25,Consumer Printing,Printing,net_revenue,302,USD millions,FY26 realigned,reported,https://investor.hp.com/news-events/news/news-details/2026/HP-Inc--Reports-Fiscal-2026-First-Quarter-Results/default.aspx
Q2 FY25,2025-04-30,FY25,Consumer Printing,Printing,net_revenue,289,USD millions,as previously reported,reported,https://investor.hp.com/news-events/news/news-details/2026/HP-Inc--Reports-Fiscal-2026-First-Quarter-Results/default.aspx
Q3 FY25,2025-07-31,FY25,Consumer Printing,Printing,net_revenue,280,USD millions,FY26 realigned,reported,https://investor.hp.com/news-events/news/news-details/2026/HP-Inc--Reports-Fiscal-2026-First-Quarter-Results/default.aspx
Q3 FY25,2025-07-31,FY25,Consumer Printing,Printing,net_revenue,269,USD millions,as previously reported,reported,https://investor.hp.com/news-events/news/news-details/2026/HP-Inc--Reports-Fiscal-2026-First-Quarter-Results/default.aspx
Q4 FY25,2025-10-31,FY25,Consumer Printing,Printing,net_revenue,309,USD millions,FY26 realigned,reported,https://investor.hp.com/news-events/news/news-details/2026/HP-Inc--Reports-Fiscal-2026-First-Quarter-Results/default.aspx
Q4 FY25,2025-10-31,FY25,Consumer Printing,Printing,net_revenue,296,USD millions,as previously reported,reported,https://investor.hp.com/news-events/news/news-details/2026/HP-Inc--Reports-Fiscal-2026-First-Quarter-Results/default.aspx
Q1 FY25,2025-01-31,FY25,Printing,Printing,net_revenue,4280,USD millions,FY26 realigned,reported,https://investor.hp.com/news-events/news/news-details/2026/HP-Inc--Reports-Fiscal-2026-First-Quarter-Results/default.aspx
Q1 FY25,2025-01-31,FY25,Printing,Printing,net_revenue,4269,USD millions,as previously reported,reported,https://investor.hp.com/news-events/news/news-details/2026/HP-Inc--Reports-Fiscal-2026-First-Quarter-Results/default.aspx
Q2 FY25,2025-04-30,FY25,Printing,Printing,net_revenue,4197,USD millions,FY26 realigned,reported,https://investor.hp.com/news-events/news/news-details/2026/HP-Inc--Reports-Fiscal-2026-First-Quarter-Results/default.aspx
Q2 FY25,2025-04-30,FY25,Printing,Printing,net_revenue,4181,USD millions,as previously reported,reported,https://investor.hp.com/news-events/news/news-details/2026/HP-Inc--Reports-Fiscal-2026-First-Quarter-Results/default.aspx
Q3 FY25,2025-07-31,FY25,Printing,Printing,net_revenue,4002,USD millions,FY26 realigned,reported,https://investor.hp.com/news-events/news/news-details/2026/HP-Inc--Reports-Fiscal-2026-First-Quarter-Results/default.aspx
Q3 FY25,2025-07-31,FY25,Printing,Printing,net_revenue,3986,USD millions,as previously reported,reported,https://investor.hp.com/news-events/news/news-details/2026/HP-Inc--Reports-Fiscal-2026-First-Quarter-Results/default.aspx
Q4 FY25,2025-10-31,FY25,Printing,Printing,net_revenue,4285,USD millions,FY26 realigned,reported,https://investor.hp.com/news-events/news/news-details/2026/HP-Inc--Reports-Fiscal-2026-First-Quarter-Results/default.aspx
Q4 FY25,2025-10-31,FY25,Printing,Printing,net_revenue,4266,USD millions,as previously reported,reported,https://investor.hp.com/news-events/news/news-details/2026/HP-Inc--Reports-Fiscal-2026-First-Quarter-Results/default.aspx
Q1 FY25,2025-01-31,FY25,Corporate Investments,Other,net_revenue,0,USD millions,FY26 realigned,reported,https://investor.hp.com/news-events/news/news-details/2026/HP-Inc--Reports-Fiscal-2026-First-Quarter-Results/default.aspx
Q1 FY25,2025-01-31,FY25,Corporate Investments,Other,net_revenue,11,USD millions,as previously reported,reported,https://investor.hp.com/news-events/news/news-details/2026/HP-Inc--Reports-Fiscal-2026-First-Quarter-Results/default.aspx
Q2 FY25,2025-04-30,FY25,Corporate Investments,Other,net_revenue,0,USD millions,FY26 realigned,reported,https://investor.hp.com/news-events/news/news-details/2026/HP-Inc--Reports-Fiscal-2026-First-Quarter-Results/default.aspx
Q2 FY25,2025-04-30,FY25,Corporate Investments,Other,net_revenue,16,USD millions,as previously reported,reported,https://investor.hp.com/news-events/news/news-details/2026/HP-Inc--Reports-Fiscal-2026-First-Quarter-Results/default.aspx
Q3 FY25,2025-07-31,FY25,Corporate Investments,Other,net_revenue,0,USD millions,FY26 realigned,reported,https://investor.hp.com/news-events/news/news-details/2026/HP-Inc--Reports-Fiscal-2026-First-Quarter-Results/default.aspx
Q3 FY25,2025-07-31,FY25,Corporate Investments,Other,net_revenue,16,USD millions,as previously reported,reported,https://investor.hp.com/news-events/news/news-details/2026/HP-Inc--Reports-Fiscal-2026-First-Quarter-Results/default.aspx
Q4 FY25,2025-10-31,FY25,Corporate Investments,Other,net_revenue,0,USD millions,FY26 realigned,reported,https://investor.hp.com/news-events/news/news-details/2026/HP-Inc--Reports-Fiscal-2026-First-Quarter-Results/default.aspx
Q4 FY25,2025-10-31,FY25,Corporate Investments,Other,net_revenue,19,USD millions,as previously reported,reported,https://investor.hp.com/news-events/news/news-details/2026/HP-Inc--Reports-Fiscal-2026-First-Quarter-Results/default.aspx
Q1 FY25,2025-01-31,FY25,Total segment,Other,net_revenue,13504,USD millions,FY26 realigned,reported,https://investor.hp.com/news-events/news/news-details/2026/HP-Inc--Reports-Fiscal-2026-First-Quarter-Results/default.aspx
Q1 FY25,2025-01-31,FY25,Total segment,Other,net_revenue,13504,USD millions,as previously reported,reported,https://investor.hp.com/news-events/news/news-details/2026/HP-Inc--Reports-Fiscal-2026-First-Quarter-Results/default.aspx
Q2 FY25,2025-04-30,FY25,Total segment,Other,net_revenue,13221,USD millions,FY26 realigned,reported,https://investor.hp.com/news-events/news/news-details/2026/HP-Inc--Reports-Fiscal-2026-First-Quarter-Results/default.aspx
Q2 FY25,2025-04-30,FY25,Total segment,Other,net_revenue,13221,USD millions,as previously reported,reported,https://investor.hp.com/news-events/news/news-details/2026/HP-Inc--Reports-Fiscal-2026-First-Quarter-Results/default.aspx
Q3 FY25,2025-07-31,FY25,Total segment,Other,net_revenue,13933,USD millions,FY26 realigned,reported,https://investor.hp.com/news-events/news/news-details/2026/HP-Inc--Reports-Fiscal-2026-First-Quarter-Results/default.aspx
Q3 FY25,2025-07-31,FY25,Total segment,Other,net_revenue,13933,USD millions,as previously reported,reported,https://investor.hp.com/news-events/news/news-details/2026/HP-Inc--Reports-Fiscal-2026-First-Quarter-Results/default.aspx
Q4 FY25,2025-10-31,FY25,Total segment,Other,net_revenue,14638,USD millions,FY26 realigned,reported,https://investor.hp.com/news-events/news/news-details/2026/HP-Inc--Reports-Fiscal-2026-First-Quarter-Results/default.aspx
Q4 FY25,2025-10-31,FY25,Total segment,Other,net_revenue,14638,USD millions,as previously reported,reported,https://investor.hp.com/news-events/news/news-details/2026/HP-Inc--Reports-Fiscal-2026-First-Quarter-Results/default.aspx
Q1 FY26,2026-01-31,FY26,Commercial PS,Personal Systems,net_revenue,7253,USD millions,FY26 realigned,reported,https://investor.hp.com/news-events/news/news-details/2026/HP-Inc--Reports-Fiscal-2026-First-Quarter-Results/default.aspx
Q1 FY26,2026-01-31,FY26,Consumer PS,Personal Systems,net_revenue,2998,USD millions,FY26 realigned,reported,https://investor.hp.com/news-events/news/news-details/2026/HP-Inc--Reports-Fiscal-2026-First-Quarter-Results/default.aspx
Q1 FY26,2026-01-31,FY26,Personal Systems,Personal Systems,net_revenue,10251,USD millions,FY26 realigned,reported,https://investor.hp.com/news-events/news/news-details/2026/HP-Inc--Reports-Fiscal-2026-First-Quarter-Results/default.aspx
Q1 FY26,2026-01-31,FY26,Supplies,Printing,net_revenue,2799,USD millions,FY26 realigned,reported,https://investor.hp.com/news-events/news/news-details/2026/HP-Inc--Reports-Fiscal-2026-First-Quarter-Results/default.aspx
Q1 FY26,2026-01-31,FY26,Commercial Printing,Printing,net_revenue,1105,USD millions,FY26 realigned,reported,https://investor.hp.com/news-events/news/news-details/2026/HP-Inc--Reports-Fiscal-2026-First-Quarter-Results/default.aspx
Q1 FY26,2026-01-31,FY26,Consumer Printing,Printing,net_revenue,283,USD millions,FY26 realigned,reported,https://investor.hp.com/news-events/news/news-details/2026/HP-Inc--Reports-Fiscal-2026-First-Quarter-Results/default.aspx
Q1 FY26,2026-01-31,FY26,Printing,Printing,net_revenue,4187,USD millions,FY26 realigned,reported,https://investor.hp.com/news-events/news/news-details/2026/HP-Inc--Reports-Fiscal-2026-First-Quarter-Results/default.aspx
Q1 FY26,2026-01-31,FY26,Corporate Investments,Other,net_revenue,0,USD millions,FY26 realigned,reported,https://investor.hp.com/news-events/news/news-details/2026/HP-Inc--Reports-Fiscal-2026-First-Quarter-Results/default.aspx
Q1 FY26,2026-01-31,FY26,Total segment,Other,net_revenue,14438,USD millions,FY26 realigned,reported,https://investor.hp.com/news-events/news/news-details/2026/HP-Inc--Reports-Fiscal-2026-First-Quarter-Results/default.aspx
Q2 FY26,2026-04-30,FY26,Commercial PS,Personal Systems,net_revenue,7743,USD millions,FY26 realigned,reported,https://investor.hp.com/news-events/news/news-details/2026/HP-Inc--Reports-Fiscal-2026-Third-Quarter-Results/default.aspx
Q2 FY26,2026-04-30,FY26,Consumer PS,Personal Systems,net_revenue,2470,USD millions,FY26 realigned,reported,https://investor.hp.com/news-events/news/news-details/2026/HP-Inc--Reports-Fiscal-2026-Third-Quarter-Results/default.aspx
Q2 FY26,2026-04-30,FY26,Personal Systems,Personal Systems,net_revenue,10213,USD millions,FY26 realigned,reported,https://investor.hp.com/news-events/news/news-details/2026/HP-Inc--Reports-Fiscal-2026-Third-Quarter-Results/default.aspx
Q2 FY26,2026-04-30,FY26,Supplies,Printing,net_revenue,2754,USD millions,FY26 realigned,reported,https://investor.hp.com/news-events/news/news-details/2026/HP-Inc--Reports-Fiscal-2026-Third-Quarter-Results/default.aspx
Q2 FY26,2026-04-30,FY26,Commercial Printing,Printing,net_revenue,1168,USD millions,FY26 realigned,reported,https://investor.hp.com/news-events/news/news-details/2026/HP-Inc--Reports-Fiscal-2026-Third-Quarter-Results/default.aspx
Q2 FY26,2026-04-30,FY26,Consumer Printing,Printing,net_revenue,273,USD millions,FY26 realigned,reported,https://investor.hp.com/news-events/news/news-details/2026/HP-Inc--Reports-Fiscal-2026-Third-Quarter-Results/default.aspx
Q2 FY26,2026-04-30,FY26,Printing,Printing,net_revenue,4195,USD millions,FY26 realigned,reported,https://investor.hp.com/news-events/news/news-details/2026/HP-Inc--Reports-Fiscal-2026-Third-Quarter-Results/default.aspx
Q2 FY26,2026-04-30,FY26,Corporate Investments,Other,net_revenue,0,USD millions,FY26 realigned,reported,https://investor.hp.com/news-events/news/news-details/2026/HP-Inc--Reports-Fiscal-2026-Third-Quarter-Results/default.aspx
Q2 FY26,2026-04-30,FY26,Total segment,Other,net_revenue,14408,USD millions,FY26 realigned,reported,https://investor.hp.com/news-events/news/news-details/2026/HP-Inc--Reports-Fiscal-2026-Third-Quarter-Results/default.aspx
Q3 FY26,2026-07-31,FY26,Commercial PS,Personal Systems,net_revenue,8579,USD millions,FY26 realigned,reported,https://investor.hp.com/news-events/news/news-details/2026/HP-Inc--Reports-Fiscal-2026-Third-Quarter-Results/default.aspx
Q3 FY26,2026-07-31,FY26,Consumer PS,Personal Systems,net_revenue,3188,USD millions,FY26 realigned,reported,https://investor.hp.com/news-events/news/news-details/2026/HP-Inc--Reports-Fiscal-2026-Third-Quarter-Results/default.aspx
Q3 FY26,2026-07-31,FY26,Personal Systems,Personal Systems,net_revenue,11767,USD millions,FY26 realigned,reported,https://investor.hp.com/news-events/news/news-details/2026/HP-Inc--Reports-Fiscal-2026-Third-Quarter-Results/default.aspx
Q3 FY26,2026-07-31,FY26,Supplies,Printing,net_revenue,2536,USD millions,FY26 realigned,reported,https://investor.hp.com/news-events/news/news-details/2026/HP-Inc--Reports-Fiscal-2026-Third-Quarter-Results/default.aspx
Q3 FY26,2026-07-31,FY26,Commercial Printing,Printing,net_revenue,1101,USD millions,FY26 realigned,reported,https://investor.hp.com/news-events/news/news-details/2026/HP-Inc--Reports-Fiscal-2026-Third-Quarter-Results/default.aspx
Q3 FY26,2026-07-31,FY26,Consumer Printing,Printing,net_revenue,275,USD millions,FY26 realigned,reported,https://investor.hp.com/news-events/news/news-details/2026/HP-Inc--Reports-Fiscal-2026-Third-Quarter-Results/default.aspx
Q3 FY26,2026-07-31,FY26,Printing,Printing,net_revenue,3912,USD millions,FY26 realigned,reported,https://investor.hp.com/news-events/news/news-details/2026/HP-Inc--Reports-Fiscal-2026-Third-Quarter-Results/default.aspx
Q3 FY26,2026-07-31,FY26,Corporate Investments,Other,net_revenue,0,USD millions,FY26 realigned,reported,https://investor.hp.com/news-events/news/news-details/2026/HP-Inc--Reports-Fiscal-2026-Third-Quarter-Results/default.aspx
Q3 FY26,2026-07-31,FY26,Total segment,Other,net_revenue,15679,USD millions,FY26 realigned,reported,https://investor.hp.com/news-events/news/news-details/2026/HP-Inc--Reports-Fiscal-2026-Third-Quarter-Results/default.aspx
Q1 FY25,2025-01-31,FY25,Personal Systems,Personal Systems,operating_margin_pct,5.5,percent,FY26 realigned,reported,https://investor.hp.com/news-events/news/news-details/2026/HP-Inc--Reports-Fiscal-2026-First-Quarter-Results/default.aspx
Q1 FY25,2025-01-31,FY25,Printing,Printing,operating_margin_pct,18.7,percent,FY26 realigned,reported,https://investor.hp.com/news-events/news/news-details/2026/HP-Inc--Reports-Fiscal-2026-First-Quarter-Results/default.aspx
Q1 FY25,2025-01-31,FY25,Total segment,Other,operating_margin_pct,9.6,percent,FY26 realigned,reported,https://investor.hp.com/news-events/news/news-details/2026/HP-Inc--Reports-Fiscal-2026-First-Quarter-Results/default.aspx
Q4 FY25,2025-10-31,FY25,Personal Systems,Personal Systems,operating_margin_pct,5.8,percent,FY26 realigned,reported,https://investor.hp.com/news-events/news/news-details/2026/HP-Inc--Reports-Fiscal-2026-First-Quarter-Results/default.aspx
Q4 FY25,2025-10-31,FY25,Printing,Printing,operating_margin_pct,18.5,percent,FY26 realigned,reported,https://investor.hp.com/news-events/news/news-details/2026/HP-Inc--Reports-Fiscal-2026-First-Quarter-Results/default.aspx
Q4 FY25,2025-10-31,FY25,Total segment,Other,operating_margin_pct,9.3,percent,FY26 realigned,reported,https://investor.hp.com/news-events/news/news-details/2026/HP-Inc--Reports-Fiscal-2026-First-Quarter-Results/default.aspx
Q3 FY25,2025-07-31,FY25,Personal Systems,Personal Systems,operating_margin_pct,5.4,percent,FY26 realigned,reported,https://investor.hp.com/news-events/news/news-details/2026/HP-Inc--Reports-Fiscal-2026-Third-Quarter-Results/default.aspx
Q3 FY25,2025-07-31,FY25,Printing,Printing,operating_margin_pct,17.0,percent,FY26 realigned,reported,https://investor.hp.com/news-events/news/news-details/2026/HP-Inc--Reports-Fiscal-2026-Third-Quarter-Results/default.aspx
Q3 FY25,2025-07-31,FY25,Total segment,Other,operating_margin_pct,8.6,percent,FY26 realigned,reported,https://investor.hp.com/news-events/news/news-details/2026/HP-Inc--Reports-Fiscal-2026-Third-Quarter-Results/default.aspx
Q1 FY26,2026-01-31,FY26,Personal Systems,Personal Systems,operating_margin_pct,5.0,percent,FY26 realigned,reported,https://investor.hp.com/news-events/news/news-details/2026/HP-Inc--Reports-Fiscal-2026-First-Quarter-Results/default.aspx
Q1 FY26,2026-01-31,FY26,Printing,Printing,operating_margin_pct,18.3,percent,FY26 realigned,reported,https://investor.hp.com/news-events/news/news-details/2026/HP-Inc--Reports-Fiscal-2026-First-Quarter-Results/default.aspx
Q1 FY26,2026-01-31,FY26,Total segment,Other,operating_margin_pct,8.7,percent,FY26 realigned,reported,https://investor.hp.com/news-events/news/news-details/2026/HP-Inc--Reports-Fiscal-2026-First-Quarter-Results/default.aspx
Q2 FY26,2026-04-30,FY26,Personal Systems,Personal Systems,operating_margin_pct,5.2,percent,FY26 realigned,reported,https://investor.hp.com/news-events/news/news-details/2026/HP-Inc--Reports-Fiscal-2026-Third-Quarter-Results/default.aspx
Q2 FY26,2026-04-30,FY26,Printing,Printing,operating_margin_pct,18.3,percent,FY26 realigned,reported,https://investor.hp.com/news-events/news/news-details/2026/HP-Inc--Reports-Fiscal-2026-Third-Quarter-Results/default.aspx
Q2 FY26,2026-04-30,FY26,Total segment,Other,operating_margin_pct,8.8,percent,FY26 realigned,reported,https://investor.hp.com/news-events/news/news-details/2026/HP-Inc--Reports-Fiscal-2026-Third-Quarter-Results/default.aspx
Q3 FY26,2026-07-31,FY26,Personal Systems,Personal Systems,operating_margin_pct,4.6,percent,FY26 realigned,reported,https://investor.hp.com/news-events/news/news-details/2026/HP-Inc--Reports-Fiscal-2026-Third-Quarter-Results/default.aspx
Q3 FY26,2026-07-31,FY26,Printing,Printing,operating_margin_pct,18.1,percent,FY26 realigned,reported,https://investor.hp.com/news-events/news/news-details/2026/HP-Inc--Reports-Fiscal-2026-Third-Quarter-Results/default.aspx
Q3 FY26,2026-07-31,FY26,Total segment,Other,operating_margin_pct,7.8,percent,FY26 realigned,reported,https://investor.hp.com/news-events/news/news-details/2026/HP-Inc--Reports-Fiscal-2026-Third-Quarter-Results/default.aspx
Q1 FY25,2025-01-31,FY25,Personal Systems,Personal Systems,earnings_before_taxes,507,USD millions,FY26 realigned,reported,https://investor.hp.com/news-events/news/news-details/2026/HP-Inc--Reports-Fiscal-2026-First-Quarter-Results/default.aspx
Q2 FY25,2025-04-30,FY25,Personal Systems,Personal Systems,earnings_before_taxes,409,USD millions,FY26 realigned,reported,https://investor.hp.com/news-events/news/news-details/2026/HP-Inc--Reports-Fiscal-2026-First-Quarter-Results/default.aspx
Q3 FY25,2025-07-31,FY25,Personal Systems,Personal Systems,earnings_before_taxes,541,USD millions,FY26 realigned,reported,https://investor.hp.com/news-events/news/news-details/2026/HP-Inc--Reports-Fiscal-2026-First-Quarter-Results/default.aspx
Q4 FY25,2025-10-31,FY25,Personal Systems,Personal Systems,earnings_before_taxes,597,USD millions,FY26 realigned,reported,https://investor.hp.com/news-events/news/news-details/2026/HP-Inc--Reports-Fiscal-2026-First-Quarter-Results/default.aspx
Q1 FY25,2025-01-31,FY25,Printing,Printing,earnings_before_taxes,801,USD millions,FY26 realigned,reported,https://investor.hp.com/news-events/news/news-details/2026/HP-Inc--Reports-Fiscal-2026-First-Quarter-Results/default.aspx
Q2 FY25,2025-04-30,FY25,Printing,Printing,earnings_before_taxes,804,USD millions,FY26 realigned,reported,https://investor.hp.com/news-events/news/news-details/2026/HP-Inc--Reports-Fiscal-2026-First-Quarter-Results/default.aspx
Q3 FY25,2025-07-31,FY25,Printing,Printing,earnings_before_taxes,681,USD millions,FY26 realigned,reported,https://investor.hp.com/news-events/news/news-details/2026/HP-Inc--Reports-Fiscal-2026-First-Quarter-Results/default.aspx
Q4 FY25,2025-10-31,FY25,Printing,Printing,earnings_before_taxes,793,USD millions,FY26 realigned,reported,https://investor.hp.com/news-events/news/news-details/2026/HP-Inc--Reports-Fiscal-2026-First-Quarter-Results/default.aspx
Q1 FY25,2025-01-31,FY25,Corporate Investments,Other,earnings_before_taxes,-18,USD millions,FY26 realigned,reported,https://investor.hp.com/news-events/news/news-details/2026/HP-Inc--Reports-Fiscal-2026-First-Quarter-Results/default.aspx
Q2 FY25,2025-04-30,FY25,Corporate Investments,Other,earnings_before_taxes,-27,USD millions,FY26 realigned,reported,https://investor.hp.com/news-events/news/news-details/2026/HP-Inc--Reports-Fiscal-2026-First-Quarter-Results/default.aspx
Q3 FY25,2025-07-31,FY25,Corporate Investments,Other,earnings_before_taxes,-24,USD millions,FY26 realigned,reported,https://investor.hp.com/news-events/news/news-details/2026/HP-Inc--Reports-Fiscal-2026-First-Quarter-Results/default.aspx
Q4 FY25,2025-10-31,FY25,Corporate Investments,Other,earnings_before_taxes,-22,USD millions,FY26 realigned,reported,https://investor.hp.com/news-events/news/news-details/2026/HP-Inc--Reports-Fiscal-2026-First-Quarter-Results/default.aspx
Q1 FY25,2025-01-31,FY25,Personal Systems,Personal Systems,earnings_before_taxes,507,USD millions,as previously reported,reported,https://investor.hp.com/news-events/news/news-details/2026/HP-Inc--Reports-Fiscal-2026-First-Quarter-Results/default.aspx
Q2 FY25,2025-04-30,FY25,Personal Systems,Personal Systems,earnings_before_taxes,409,USD millions,as previously reported,reported,https://investor.hp.com/news-events/news/news-details/2026/HP-Inc--Reports-Fiscal-2026-First-Quarter-Results/default.aspx
Q3 FY25,2025-07-31,FY25,Personal Systems,Personal Systems,earnings_before_taxes,541,USD millions,as previously reported,reported,https://investor.hp.com/news-events/news/news-details/2026/HP-Inc--Reports-Fiscal-2026-First-Quarter-Results/default.aspx
Q4 FY25,2025-10-31,FY25,Personal Systems,Personal Systems,earnings_before_taxes,597,USD millions,as previously reported,reported,https://investor.hp.com/news-events/news/news-details/2026/HP-Inc--Reports-Fiscal-2026-First-Quarter-Results/default.aspx
Q1 FY25,2025-01-31,FY25,Printing,Printing,earnings_before_taxes,810,USD millions,as previously reported,reported,https://investor.hp.com/news-events/news/news-details/2026/HP-Inc--Reports-Fiscal-2026-First-Quarter-Results/default.aspx
Q2 FY25,2025-04-30,FY25,Printing,Printing,earnings_before_taxes,814,USD millions,as previously reported,reported,https://investor.hp.com/news-events/news/news-details/2026/HP-Inc--Reports-Fiscal-2026-First-Quarter-Results/default.aspx
Q3 FY25,2025-07-31,FY25,Printing,Printing,earnings_before_taxes,689,USD millions,as previously reported,reported,https://investor.hp.com/news-events/news/news-details/2026/HP-Inc--Reports-Fiscal-2026-First-Quarter-Results/default.aspx
Q4 FY25,2025-10-31,FY25,Printing,Printing,earnings_before_taxes,805,USD millions,as previously reported,reported,https://investor.hp.com/news-events/news/news-details/2026/HP-Inc--Reports-Fiscal-2026-First-Quarter-Results/default.aspx
Q1 FY25,2025-01-31,FY25,Corporate Investments,Other,earnings_before_taxes,-27,USD millions,as previously reported,reported,https://investor.hp.com/news-events/news/news-details/2026/HP-Inc--Reports-Fiscal-2026-First-Quarter-Results/default.aspx
Q2 FY25,2025-04-30,FY25,Corporate Investments,Other,earnings_before_taxes,-37,USD millions,as previously reported,reported,https://investor.hp.com/news-events/news/news-details/2026/HP-Inc--Reports-Fiscal-2026-First-Quarter-Results/default.aspx
Q3 FY25,2025-07-31,FY25,Corporate Investments,Other,earnings_before_taxes,-32,USD millions,as previously reported,reported,https://investor.hp.com/news-events/news/news-details/2026/HP-Inc--Reports-Fiscal-2026-First-Quarter-Results/default.aspx
Q4 FY25,2025-10-31,FY25,Corporate Investments,Other,earnings_before_taxes,-34,USD millions,as previously reported,reported,https://investor.hp.com/news-events/news/news-details/2026/HP-Inc--Reports-Fiscal-2026-First-Quarter-Results/default.aspx
Q1 FY26,2026-01-31,FY26,Personal Systems,Personal Systems,earnings_before_taxes,511,USD millions,FY26 realigned,reported,https://investor.hp.com/news-events/news/news-details/2026/HP-Inc--Reports-Fiscal-2026-First-Quarter-Results/default.aspx
Q1 FY26,2026-01-31,FY26,Printing,Printing,earnings_before_taxes,765,USD millions,FY26 realigned,reported,https://investor.hp.com/news-events/news/news-details/2026/HP-Inc--Reports-Fiscal-2026-First-Quarter-Results/default.aspx
Q1 FY26,2026-01-31,FY26,Corporate Investments,Other,earnings_before_taxes,-24,USD millions,FY26 realigned,reported,https://investor.hp.com/news-events/news/news-details/2026/HP-Inc--Reports-Fiscal-2026-First-Quarter-Results/default.aspx
Q2 FY26,2026-04-30,FY26,Personal Systems,Personal Systems,earnings_before_taxes,530,USD millions,FY26 realigned,reported,https://investor.hp.com/news-events/news/news-details/2026/HP-Inc--Reports-Fiscal-2026-Third-Quarter-Results/default.aspx
Q2 FY26,2026-04-30,FY26,Printing,Printing,earnings_before_taxes,767,USD millions,FY26 realigned,reported,https://investor.hp.com/news-events/news/news-details/2026/HP-Inc--Reports-Fiscal-2026-Third-Quarter-Results/default.aspx
Q2 FY26,2026-04-30,FY26,Corporate Investments,Other,earnings_before_taxes,-29,USD millions,FY26 realigned,reported,https://investor.hp.com/news-events/news/news-details/2026/HP-Inc--Reports-Fiscal-2026-Third-Quarter-Results/default.aspx
Q3 FY26,2026-07-31,FY26,Personal Systems,Personal Systems,earnings_before_taxes,537,USD millions,FY26 realigned,reported,https://investor.hp.com/news-events/news/news-details/2026/HP-Inc--Reports-Fiscal-2026-Third-Quarter-Results/default.aspx
Q3 FY26,2026-07-31,FY26,Printing,Printing,earnings_before_taxes,709,USD millions,FY26 realigned,reported,https://investor.hp.com/news-events/news/news-details/2026/HP-Inc--Reports-Fiscal-2026-Third-Quarter-Results/default.aspx
Q3 FY26,2026-07-31,FY26,Corporate Investments,Other,earnings_before_taxes,-28,USD millions,FY26 realigned,reported,https://investor.hp.com/news-events/news/news-details/2026/HP-Inc--Reports-Fiscal-2026-Third-Quarter-Results/default.aspx
Q1 FY26,2026-01-31,FY26,Personal Systems,Personal Systems,yoy_growth_cc_pct,9,percent,FY26 realigned,reported,https://investor.hp.com/news-events/news/news-details/2026/HP-Inc--Reports-Fiscal-2026-First-Quarter-Results/default.aspx
Q1 FY26,2026-01-31,FY26,Printing,Printing,yoy_growth_cc_pct,-3,percent,FY26 realigned,reported,https://investor.hp.com/news-events/news/news-details/2026/HP-Inc--Reports-Fiscal-2026-First-Quarter-Results/default.aspx
Q1 FY26,2026-01-31,FY26,Supplies,Printing,yoy_growth_cc_pct,-2,percent,FY26 realigned,reported,https://investor.hp.com/news-events/news/news-details/2026/HP-Inc--Reports-Fiscal-2026-First-Quarter-Results/default.aspx
Q2 FY26,2026-04-30,FY26,Personal Systems,Personal Systems,yoy_growth_cc_pct,10,percent,FY26 realigned,reported,https://investor.hp.com/news-events/news/news-details/2026/HP-Inc--Reports-Fiscal-2026-Second-Quarter-Results/default.aspx
Q2 FY26,2026-04-30,FY26,Printing,Printing,yoy_growth_cc_pct,-2,percent,FY26 realigned,reported,https://investor.hp.com/news-events/news/news-details/2026/HP-Inc--Reports-Fiscal-2026-Second-Quarter-Results/default.aspx
Q2 FY26,2026-04-30,FY26,Supplies,Printing,yoy_growth_cc_pct,0,percent,FY26 realigned,reported,https://investor.hp.com/news-events/news/news-details/2026/HP-Inc--Reports-Fiscal-2026-Second-Quarter-Results/default.aspx
Q3 FY26,2026-07-31,FY26,Personal Systems,Personal Systems,yoy_growth_cc_pct,17,percent,FY26 realigned,reported,https://investor.hp.com/news-events/news/news-details/2026/HP-Inc--Reports-Fiscal-2026-Third-Quarter-Results/default.aspx
Q3 FY26,2026-07-31,FY26,Printing,Printing,yoy_growth_cc_pct,-4,percent,FY26 realigned,reported,https://investor.hp.com/news-events/news/news-details/2026/HP-Inc--Reports-Fiscal-2026-Third-Quarter-Results/default.aspx
Q3 FY26,2026-07-31,FY26,Supplies,Printing,yoy_growth_cc_pct,-4,percent,FY26 realigned,reported,https://investor.hp.com/news-events/news/news-details/2026/HP-Inc--Reports-Fiscal-2026-Third-Quarter-Results/default.aspx
Q1 FY26,2026-01-31,FY26,Personal Systems,Personal Systems,units_yoy_pct,12,percent,FY26 realigned,reported,https://investor.hp.com/news-events/news/news-details/2026/HP-Inc--Reports-Fiscal-2026-First-Quarter-Results/default.aspx
Q1 FY26,2026-01-31,FY26,Consumer PS,Personal Systems,units_yoy_pct,14,percent,FY26 realigned,reported,https://investor.hp.com/news-events/news/news-details/2026/HP-Inc--Reports-Fiscal-2026-First-Quarter-Results/default.aspx
Q1 FY26,2026-01-31,FY26,Commercial PS,Personal Systems,units_yoy_pct,11,percent,FY26 realigned,reported,https://investor.hp.com/news-events/news/news-details/2026/HP-Inc--Reports-Fiscal-2026-First-Quarter-Results/default.aspx
Q1 FY26,2026-01-31,FY26,Printing,Printing,units_yoy_pct,-6,percent,FY26 realigned,reported,https://investor.hp.com/news-events/news/news-details/2026/HP-Inc--Reports-Fiscal-2026-First-Quarter-Results/default.aspx
Q2 FY26,2026-04-30,FY26,Personal Systems,Personal Systems,units_yoy_pct,-7,percent,FY26 realigned,reported,https://investor.hp.com/news-events/news/news-details/2026/HP-Inc--Reports-Fiscal-2026-Second-Quarter-Results/default.aspx
Q2 FY26,2026-04-30,FY26,Consumer PS,Personal Systems,units_yoy_pct,-8,percent,FY26 realigned,reported,https://investor.hp.com/news-events/news/news-details/2026/HP-Inc--Reports-Fiscal-2026-Second-Quarter-Results/default.aspx
Q2 FY26,2026-04-30,FY26,Commercial PS,Personal Systems,units_yoy_pct,-7,percent,FY26 realigned,reported,https://investor.hp.com/news-events/news/news-details/2026/HP-Inc--Reports-Fiscal-2026-Second-Quarter-Results/default.aspx
Q2 FY26,2026-04-30,FY26,Printing,Printing,units_yoy_pct,-7,percent,FY26 realigned,reported,https://investor.hp.com/news-events/news/news-details/2026/HP-Inc--Reports-Fiscal-2026-Second-Quarter-Results/default.aspx
Q2 FY26,2026-04-30,FY26,Consumer Printing,Printing,units_yoy_pct,-8,percent,FY26 realigned,reported,https://investor.hp.com/news-events/news/news-details/2026/HP-Inc--Reports-Fiscal-2026-Second-Quarter-Results/default.aspx
Q2 FY26,2026-04-30,FY26,Commercial Printing,Printing,units_yoy_pct,-4,percent,FY26 realigned,reported,https://investor.hp.com/news-events/news/news-details/2026/HP-Inc--Reports-Fiscal-2026-Second-Quarter-Results/default.aspx
Q3 FY26,2026-07-31,FY26,Personal Systems,Personal Systems,units_yoy_pct,-16,percent,FY26 realigned,reported,https://investor.hp.com/news-events/news/news-details/2026/HP-Inc--Reports-Fiscal-2026-Third-Quarter-Results/default.aspx
Q3 FY26,2026-07-31,FY26,Consumer PS,Personal Systems,units_yoy_pct,-19,percent,FY26 realigned,reported,https://investor.hp.com/news-events/news/news-details/2026/HP-Inc--Reports-Fiscal-2026-Third-Quarter-Results/default.aspx
Q3 FY26,2026-07-31,FY26,Commercial PS,Personal Systems,units_yoy_pct,-14,percent,FY26 realigned,reported,https://investor.hp.com/news-events/news/news-details/2026/HP-Inc--Reports-Fiscal-2026-Third-Quarter-Results/default.aspx
Q3 FY26,2026-07-31,FY26,Printing,Printing,units_yoy_pct,-7,percent,FY26 realigned,reported,https://investor.hp.com/news-events/news/news-details/2026/HP-Inc--Reports-Fiscal-2026-Third-Quarter-Results/default.aspx
Q3 FY26,2026-07-31,FY26,Consumer Printing,Printing,units_yoy_pct,-9,percent,FY26 realigned,reported,https://investor.hp.com/news-events/news/news-details/2026/HP-Inc--Reports-Fiscal-2026-Third-Quarter-Results/default.aspx
Q3 FY26,2026-07-31,FY26,Commercial Printing,Printing,units_yoy_pct,-2,percent,FY26 realigned,reported,https://investor.hp.com/news-events/news/news-details/2026/HP-Inc--Reports-Fiscal-2026-Third-Quarter-Results/default.aspx
Q1 FY26,2026-01-31,FY26,Personal Systems,Personal Systems,yoy_growth_pct,11,percent,FY26 realigned,reported,https://investor.hp.com/news-events/news/news-details/2026/HP-Inc--Reports-Fiscal-2026-First-Quarter-Results/default.aspx
Q1 FY26,2026-01-31,FY26,Printing,Printing,yoy_growth_pct,-2,percent,FY26 realigned,reported,https://investor.hp.com/news-events/news/news-details/2026/HP-Inc--Reports-Fiscal-2026-First-Quarter-Results/default.aspx
Q2 FY26,2026-04-30,FY26,Personal Systems,Personal Systems,yoy_growth_pct,13,percent,FY26 realigned,reported,https://investor.hp.com/news-events/news/news-details/2026/HP-Inc--Reports-Fiscal-2026-Second-Quarter-Results/default.aspx
Q2 FY26,2026-04-30,FY26,Printing,Printing,yoy_growth_pct,0,percent,FY26 realigned,reported,https://investor.hp.com/news-events/news/news-details/2026/HP-Inc--Reports-Fiscal-2026-Second-Quarter-Results/default.aspx
Q3 FY26,2026-07-31,FY26,Personal Systems,Personal Systems,yoy_growth_pct,18,percent,FY26 realigned,reported,https://investor.hp.com/news-events/news/news-details/2026/HP-Inc--Reports-Fiscal-2026-Third-Quarter-Results/default.aspx
Q3 FY26,2026-07-31,FY26,Printing,Printing,yoy_growth_pct,-2,percent,FY26 realigned,reported,https://investor.hp.com/news-events/news/news-details/2026/HP-Inc--Reports-Fiscal-2026-Third-Quarter-Results/default.aspx
